INSERT INTO categories (id, name, description)
VALUES (1, 'Gelato', ''),
       (2, 'Gelato for special needs', ''),
       (3, 'Donuts', ''),
       (4, 'Donuts for special needs', ''),
       (5, 'Merchandise', '');

INSERT INTO ingredients(id, name)
VALUES (1, 'Cream'),
       (2, 'Milk' ),
       (3, 'Cane sugar'),
       (4, 'Cake pieces'),
       (5, 'Cake base'),
       (6, 'Sprinkles'),
       (7, 'Eggs'),
       (8, 'Natural Flavor'),
       (9, 'Coconut oil'),
       (10, 'Buttermill powder'),
       (11, 'Skim milk');

INSERT  INTO products (id, title, product_type, category_id, price, currency,
                       quantity, short_description,
                       long_description, photo_url)
VALUES (1, 'La Michoacana Ice Cream', 'ICE_CREAM', 1, 5.4, 'USD', 22,
        'Treat yourself to ice cream infused with smooth Bourbon sprinkled',
        'Donut with white chocolate icing, dark chocolate curls, Kinder Bueno ™ wafers and delicate milk chocolate lines',
        'https://cdn-sharing.adobecc.com/content/storage/id/urn:aaid:sc:US:d1fb2711-6c15-4f90-943b-32d53a12e790;revision=0?component_id=fb5a1149-00d3-4080-bc08-cba7044c730f&api_key=CometServer1&access_token=1637876794_urn%3Aaaid%3Asc%3AUS%3Ad1fb2711-6c15-4f90-943b-32d53a12e790%3Bpublic_8bed45a6b06fa099f9dc42bb3305702eb1289e57'),
       (2, 'Sweet Noshings Ice Cream', 'ICE_CREAM', 1, 5.4, 'USD', 4,
        'Treat yourself to ice cream infused with smooth Bourbon sprinkled',
        'Donut with white chocolate icing, dark chocolate curls, Kinder Bueno ™ wafers and delicate milk chocolate lines',
        'https://cdn-sharing.adobecc.com/content/storage/id/urn:aaid:sc:US:d1fb2711-6c15-4f90-943b-32d53a12e790;revision=0?component_id=14c309a8-4d2-4914-83cf-db2f5889c1c0&api_key=CometServer1&access_token=1637876794_urn%3Aaaid%3Asc%3AUS%3Ad1fb2711-6c15-4f90-943b-32d53a12e790%3Bpublic_8bed45a6b06fa099f9dc42bb3305702eb1289e57'),
       (3, 'Strawberry Ice Cream', 'ICE_CREAM', 1, 5.4, 'USD', 4,
        'Treat yourself to ice cream infused with smooth Bourbon sprinkled',
        'Donut with white chocolate icing, dark chocolate curls, Kinder Bueno ™ wafers and delicate milk chocolate lines',
        'https://cdn-sharing.adobecc.com/content/storage/id/urn:aaid:sc:US:d1fb2711-6c15-4f90-943b-32d53a12e790;revision=0?component_id=5ebbb900-fcbd-4a79-b3a7-acd4785d840f&api_key=CometServer1&access_token=1637876794_urn%3Aaaid%3Asc%3AUS%3Ad1fb2711-6c15-4f90-943b-32d53a12e790%3Bpublic_8bed45a6b06fa099f9dc42bb3305702eb1289e57'),
       (4, 'Watermelon Ice Cream', 'ICE_CREAM', 1, 5.4, 'USD', 4,
        'Treat yourself to ice cream infused with smooth Bourbon sprinkled',
        'Donut with white chocolate icing, dark chocolate curls, Kinder Bueno ™ wafers and delicate milk chocolate lines',
        'https://cdn-sharing.adobecc.com/content/storage/id/urn:aaid:sc:US:d1fb2711-6c15-4f90-943b-32d53a12e790;revision=0?component_id=a21003ee-9df0-46f2-967b-e9bd60bc8ee4&api_key=CometServer1&access_token=1637876794_urn%3Aaaid%3Asc%3AUS%3Ad1fb2711-6c15-4f90-943b-32d53a12e790%3Bpublic_8bed45a6b06fa099f9dc42bb3305702eb1289e57'),
       (5, 'Pistachio Ice Cream', 'ICE_CREAM', 2, 5.4, 'USD', 4,
        'Treat yourself to ice cream infused with smooth Bourbon sprinkled',
        'Donut with white chocolate icing, dark chocolate curls, Kinder Bueno ™ wafers and delicate milk chocolate lines',
        'https://cdn-sharing.adobecc.com/content/storage/id/urn:aaid:sc:US:d1fb2711-6c15-4f90-943b-32d53a12e790;revision=0?component_id=fb5a1149-00d3-4080-bc08-cba7044c730f&api_key=CometServer1&access_token=1637876794_urn%3Aaaid%3Asc%3AUS%3Ad1fb2711-6c15-4f90-943b-32d53a12e790%3Bpublic_8bed45a6b06fa099f9dc42bb3305702eb1289e57'),
       (6, 'I Love Waffle Ice Cream', 'ICE_CREAM', 2, 5.4, 'USD', 4,
        'Treat yourself to ice cream infused with smooth Bourbon sprinkled',
        'Donut with white chocolate icing, dark chocolate curls, Kinder Bueno ™ wafers and delicate milk chocolate lines',
        'https://cdn-sharing.adobecc.com/content/storage/id/urn:aaid:sc:US:d1fb2711-6c15-4f90-943b-32d53a12e790;revision=0?component_id=14c309a8-4d2-4914-83cf-db2f5889c1c0&api_key=CometServer1&access_token=1637876794_urn%3Aaaid%3Asc%3AUS%3Ad1fb2711-6c15-4f90-943b-32d53a12e790%3Bpublic_8bed45a6b06fa099f9dc42bb3305702eb1289e57'),
       (7, 'Strawberry Ice Cream', 'ICE_CREAM', 2, 5.4, 'USD', 4,
        'Treat yourself to ice cream infused with smooth Bourbon sprinkled',
        'Donut with white chocolate icing, dark chocolate curls, Kinder Bueno ™ wafers and delicate milk chocolate lines',
        'https://cdn-sharing.adobecc.com/content/storage/id/urn:aaid:sc:US:d1fb2711-6c15-4f90-943b-32d53a12e790;revision=0?component_id=5ebbb900-fcbd-4a79-b3a7-acd4785d840f&api_key=CometServer1&access_token=1637876794_urn%3Aaaid%3Asc%3AUS%3Ad1fb2711-6c15-4f90-943b-32d53a12e790%3Bpublic_8bed45a6b06fa099f9dc42bb3305702eb1289e57'),
       (8, ' Supreme Sno Cones Ice Cream', 'ICE_CREAM', 2, 5.4, 'USD', 4,
        'Treat yourself to ice cream infused with smooth Bourbon sprinkled',
        'Donut with white chocolate icing, dark chocolate curls, Kinder Bueno ™ wafers and delicate milk chocolate lines',
        'https://cdn-sharing.adobecc.com/content/storage/id/urn:aaid:sc:US:d1fb2711-6c15-4f90-943b-32d53a12e790;revision=0?component_id=a21003ee-9df0-46f2-967b-e9bd60bc8ee4&api_key=CometServer1&access_token=1637876794_urn%3Aaaid%3Asc%3AUS%3Ad1fb2711-6c15-4f90-943b-32d53a12e790%3Bpublic_8bed45a6b06fa099f9dc42bb3305702eb1289e57'),
       (9, 'Vanilla Strawberry Donuts', 'DONUTS', 3, 5.4, 'USD', 4,
        'Treat yourself to ice cream infused with smooth Bourbon sprinkled',
        'Donut with white chocolate icing, dark chocolate curls, Kinder Bueno ™ wafers and delicate milk chocolate lines',
        'https://cdn-sharing.adobecc.com/content/storage/id/urn:aaid:sc:US:d1fb2711-6c15-4f90-943b-32d53a12e790;revision=0?component_id=f81b99f8-96f5-4403-9887-f87dde375279&api_key=CometServer1&access_token=1637876794_urn%3Aaaid%3Asc%3AUS%3Ad1fb2711-6c15-4f90-943b-32d53a12e790%3Bpublic_8bed45a6b06fa099f9dc42bb3305702eb1289e57'),
       (10, 'Rose Donuts', 'DONUTS', 3, 5.4, 'USD', 4,
        'Treat yourself to ice cream infused with smooth Bourbon sprinkled',
        'Donut with white chocolate icing, dark chocolate curls, Kinder Bueno ™ wafers and delicate milk chocolate lines',
        'https://cdn-sharing.adobecc.com/content/storage/id/urn:aaid:sc:US:d1fb2711-6c15-4f90-943b-32d53a12e790;revision=0?component_id=2261a13d-1cfa-46ec-a96c-7be21aaf47ca&api_key=CometServer1&access_token=1637876794_urn%3Aaaid%3Asc%3AUS%3Ad1fb2711-6c15-4f90-943b-32d53a12e790%3Bpublic_8bed45a6b06fa099f9dc42bb3305702eb1289e57'),
       (11, 'Marshmallow Donuts', 'DONUTS', 3, 5.4, 'USD', 4,
        'Treat yourself to ice cream infused with smooth Bourbon sprinkled',
        'Donut with white chocolate icing, dark chocolate curls, Kinder Bueno ™ wafers and delicate milk chocolate lines',
        'https://cdn-sharing.adobecc.com/content/storage/id/urn:aaid:sc:US:d1fb2711-6c15-4f90-943b-32d53a12e790;revision=0?component_id=308dfd48-b356-4257-b309-4f2335ec90d8&api_key=CometServer1&access_token=1637876794_urn%3Aaaid%3Asc%3AUS%3Ad1fb2711-6c15-4f90-943b-32d53a12e790%3Bpublic_8bed45a6b06fa099f9dc42bb3305702eb1289e57'),
       (12, 'Paradise Donuts', 'DONUTS', 3, 5.4, 'USD', 4,
        'Treat yourself to ice cream infused with smooth Bourbon sprinkled',
        'Donut with white chocolate icing, dark chocolate curls, Kinder Bueno ™ wafers and delicate milk chocolate lines',
        'https://cdn-sharing.adobecc.com/content/storage/id/urn:aaid:sc:US:d1fb2711-6c15-4f90-943b-32d53a12e790;revision=0?component_id=afc4918-ce6d-4821-9960-4160ac9f3164&api_key=CometServer1&access_token=1637876794_urn%3Aaaid%3Asc%3AUS%3Ad1fb2711-6c15-4f90-943b-32d53a12e790%3Bpublic_8bed45a6b06fa099f9dc42bb3305702eb1289e57'),
       (13, 'Cocoa Donuts', 'DONUTS', 3, 5.4, 'USD', 4,
        'Treat yourself to ice cream infused with smooth Bourbon sprinkled',
        'Donut with white chocolate icing, dark chocolate curls, Kinder Bueno ™ wafers and delicate milk chocolate lines',
        'https://cdn-sharing.adobecc.com/content/storage/id/urn:aaid:sc:US:d1fb2711-6c15-4f90-943b-32d53a12e790;revision=0?component_id=f1aeaa46-a104-436f-a358-e6d1eef66988&api_key=CometServer1&access_token=1637876794_urn%3Aaaid%3Asc%3AUS%3Ad1fb2711-6c15-4f90-943b-32d53a12e790%3Bpublic_8bed45a6b06fa099f9dc42bb3305702eb1289e57'),
       (14, 'Banana Combo Donuts', 'DONUTS', 3, 5.4, 'USD', 4,
        'Treat yourself to ice cream infused with smooth Bourbon sprinkled',
        'Donut with white chocolate icing, dark chocolate curls, Kinder Bueno ™ wafers and delicate milk chocolate lines',
        'https://cdn-sharing.adobecc.com/content/storage/id/urn:aaid:sc:US:d1fb2711-6c15-4f90-943b-32d53a12e790;revision=0?component_id=69e2a7c3-f06a-4428-94fc-0f347e83b355&api_key=CometServer1&access_token=1637876794_urn%3Aaaid%3Asc%3AUS%3Ad1fb2711-6c15-4f90-943b-32d53a12e790%3Bpublic_8bed45a6b06fa099f9dc42bb3305702eb1289e57'),
       (15, 'Chocolate Mix Donuts', 'DONUTS', 3, 5.4, 'USD', 4,
        'Treat yourself to ice cream infused with smooth Bourbon sprinkled',
        'Donut with white chocolate icing, dark chocolate curls, Kinder Bueno ™ wafers and delicate milk chocolate lines',
        'https://cdn-sharing.adobecc.com/content/storage/id/urn:aaid:sc:US:d1fb2711-6c15-4f90-943b-32d53a12e790;revision=0?component_id=5acffe3d-1ee7-408d-9bb1-4e9d190fbc9d&api_key=CometServer1&access_token=1637876794_urn%3Aaaid%3Asc%3AUS%3Ad1fb2711-6c15-4f90-943b-32d53a12e790%3Bpublic_8bed45a6b06fa099f9dc42bb3305702eb1289e57'),
       (16, 'Gem Mix Donuts', 'DONUTS', 3, 5.4, 'USD', 4,
        'Treat yourself to ice cream infused with smooth Bourbon sprinkled',
        'Donut with white chocolate icing, dark chocolate curls, Kinder Bueno ™ wafers and delicate milk chocolate lines',
        'https://cdn-sharing.adobecc.com/content/storage/id/urn:aaid:sc:US:d1fb2711-6c15-4f90-943b-32d53a12e790;revision=0?component_id=af42e542-6a9e-4566-9bf1-0a6c4479cec1&api_key=CometServer1&access_token=1637876794_urn%3Aaaid%3Asc%3AUS%3Ad1fb2711-6c15-4f90-943b-32d53a12e790%3Bpublic_8bed45a6b06fa099f9dc42bb3305702eb1289e57'),
       (17, 'Toffee Donuts', 'DONUTS', 3, 5.4, 'USD', 4,
        'Treat yourself to ice cream infused with smooth Bourbon sprinkled',
        'Donut with white chocolate icing, dark chocolate curls, Kinder Bueno ™ wafers and delicate milk chocolate lines',
        'https://cdn-sharing.adobecc.com/content/storage/id/urn:aaid:sc:US:d1fb2711-6c15-4f90-943b-32d53a12e790;revision=0?component_id=d9052d94-737c-4a88-ad17-1f4c65d46cb&api_key=CometServer1&access_token=1637876794_urn%3Aaaid%3Asc%3AUS%3Ad1fb2711-6c15-4f90-943b-32d53a12e790%3Bpublic_8bed45a6b06fa099f9dc42bb3305702eb1289e57'),
       (18, 'Paczki Donuts', 'DONUTS', 3, 5.4, 'USD', 4,
        'Treat yourself to ice cream infused with smooth Bourbon sprinkled',
        'Donut with white chocolate icing, dark chocolate curls, Kinder Bueno ™ wafers and delicate milk chocolate lines',
        'https://cdn-sharing.adobecc.com/content/storage/id/urn:aaid:sc:US:d1fb2711-6c15-4f90-943b-32d53a12e790;revision=0?component_id=a10e036c-0a18-48ea-a7fd-7652a0d7adc2&api_key=CometServer1&access_token=1637876794_urn%3Aaaid%3Asc%3AUS%3Ad1fb2711-6c15-4f90-943b-32d53a12e790%3Bpublic_8bed45a6b06fa099f9dc42bb3305702eb1289e57'),
       (19, 'Cruise Donuts', 'DONUTS', 3, 5.4, 'USD', 4,
        'Treat yourself to ice cream infused with smooth Bourbon sprinkled',
        'Donut with white chocolate icing, dark chocolate curls, Kinder Bueno ™ wafers and delicate milk chocolate lines',
        'https://cdn-sharing.adobecc.com/content/storage/id/urn:aaid:sc:US:d1fb2711-6c15-4f90-943b-32d53a12e790;revision=0?component_id=ffd73695-05e4-4d60-95dc-2f7d5f799a9c&api_key=CometServer1&access_token=1637876794_urn%3Aaaid%3Asc%3AUS%3Ad1fb2711-6c15-4f90-943b-32d53a12e790%3Bpublic_8bed45a6b06fa099f9dc42bb3305702eb1289e57'),
       (20, 'Ferrero Donuts', 'DONUTS', 3, 5.4, 'USD', 4,
        'Treat yourself to ice cream infused with smooth Bourbon sprinkled',
        'Donut with white chocolate icing, dark chocolate curls, Kinder Bueno ™ wafers and delicate milk chocolate lines',
        'https://cdn-sharing.adobecc.com/content/storage/id/urn:aaid:sc:US:d1fb2711-6c15-4f90-943b-32d53a12e790;revision=0?component_id=b833bb32-f8a9-41e0-8dbc-6e74eac17845&api_key=CometServer1&access_token=1637876794_urn%3Aaaid%3Asc%3AUS%3Ad1fb2711-6c15-4f90-943b-32d53a12e790%3Bpublic_8bed45a6b06fa099f9dc42bb3305702eb1289e57'),
       (21, 'Chocolate Donuts', 'DONUTS', 3, 5.4, 'USD', 4,
        'Treat yourself to ice cream infused with smooth Bourbon sprinkled',
        'Donut with white chocolate icing, dark chocolate curls, Kinder Bueno ™ wafers and delicate milk chocolate lines',
        'https://cdn-sharing.adobecc.com/content/storage/id/urn:aaid:sc:US:d1fb2711-6c15-4f90-943b-32d53a12e790;revision=0?component_id=71f2fb11-f9ca-40fc-8fdb-4fd8c41cc345&api_key=CometServer1&access_token=1637876794_urn%3Aaaid%3Asc%3AUS%3Ad1fb2711-6c15-4f90-943b-32d53a12e790%3Bpublic_8bed45a6b06fa099f9dc42bb3305702eb1289e57'),
       (22, 'Strawberry Donuts', 'DONUTS', 3, 5.4, 'USD', 4,
        'Treat yourself to ice cream infused with smooth Bourbon sprinkled',
        'Donut with white chocolate icing, dark chocolate curls, Kinder Bueno ™ wafers and delicate milk chocolate lines',
        'https://cdn-sharing.adobecc.com/content/storage/id/urn:aaid:sc:US:d1fb2711-6c15-4f90-943b-32d53a12e790;revision=0?component_id=0a593831-d942-413f-966b-ea6b0cbbfdbc&api_key=CometServer1&access_token=1637876794_urn%3Aaaid%3Asc%3AUS%3Ad1fb2711-6c15-4f90-943b-32d53a12e790%3Bpublic_8bed45a6b06fa099f9dc42bb3305702eb1289e57'),
       (23, 'Simple Donuts', 'DONUTS', 3, 5.4, 'USD', 4,
        'Treat yourself to ice cream infused with smooth Bourbon sprinkled',
        'Donut with white chocolate icing, dark chocolate curls, Kinder Bueno ™ wafers and delicate milk chocolate lines',
        'https://cdn-sharing.adobecc.com/content/storage/id/urn:aaid:sc:US:d1fb2711-6c15-4f90-943b-32d53a12e790;revision=0?component_id=0eb471b3-7bff-4161-9952-27a859c83cef&api_key=CometServer1&access_token=1637876794_urn%3Aaaid%3Asc%3AUS%3Ad1fb2711-6c15-4f90-943b-32d53a12e790%3Bpublic_8bed45a6b06fa099f9dc42bb3305702eb1289e57'),
       (24, 'Chocolate Sprinkled Donuts', 'DONUTS', 3, 5.4, 'USD', 4,
        'Treat yourself to ice cream infused with smooth Bourbon sprinkled',
        'Donut with white chocolate icing, dark chocolate curls, Kinder Bueno ™ wafers and delicate milk chocolate lines',
        'https://cdn-sharing.adobecc.com/content/storage/id/urn:aaid:sc:US:d1fb2711-6c15-4f90-943b-32d53a12e790;revision=0?component_id=ea183197-4676-4dd6-86d0-3bd062e4fac9&api_key=CometServer1&access_token=1637876794_urn%3Aaaid%3Asc%3AUS%3Ad1fb2711-6c15-4f90-943b-32d53a12e790%3Bpublic_8bed45a6b06fa099f9dc42bb3305702eb1289e57'),
       (25, 'Cider donuts', 'DONUTS', 3, 2.00, 'USD', 4,
        'Treat yourself to ice cream infused with smooth Bourbon sprinkled',
        'Donut with white chocolate icing, dark chocolate curls, Kinder Bueno ™ wafers and delicate milk chocolate lines',
        'https://cdn-sharing.adobecc.com/content/storage/id/urn:aaid:sc:US:d1fb2711-6c15-4f90-943b-32d53a12e790;revision=0?component_id=aecbb5e5-a985-41b1-ad33-3addc4cf23d6&api_key=CometServer1&access_token=1637876794_urn%3Aaaid%3Asc%3AUS%3Ad1fb2711-6c15-4f90-943b-32d53a12e790%3Bpublic_8bed45a6b06fa099f9dc42bb3305702eb1289e57'),
       (26, 'Fritters Donuts', 'DONUTS', 4, 5.4, 'USD', 4,
        'Treat yourself to ice cream infused with smooth Bourbon sprinkled',
        'Donut with white chocolate icing, dark chocolate curls, Kinder Bueno ™ wafers and delicate milk chocolate lines',
        'https://cdn-sharing.adobecc.com/content/storage/id/urn:aaid:sc:US:d1fb2711-6c15-4f90-943b-32d53a12e790;revision=0?component_id=f81b99f8-96f5-4403-9887-f87dde375279&api_key=CometServer1&access_token=1637876794_urn%3Aaaid%3Asc%3AUS%3Ad1fb2711-6c15-4f90-943b-32d53a12e790%3Bpublic_8bed45a6b06fa099f9dc42bb3305702eb1289e57'),
       (27, 'Rose Donuts', 'DONUTS', 4, 5.4, 'USD', 4,
        'Treat yourself to ice cream infused with smooth Bourbon sprinkled',
        'Donut with white chocolate icing, dark chocolate curls, Kinder Bueno ™ wafers and delicate milk chocolate lines',
        'https://cdn-sharing.adobecc.com/content/storage/id/urn:aaid:sc:US:d1fb2711-6c15-4f90-943b-32d53a12e790;revision=0?component_id=2261a13d-1cfa-46ec-a96c-7be21aaf47ca&api_key=CometServer1&access_token=1637876794_urn%3Aaaid%3Asc%3AUS%3Ad1fb2711-6c15-4f90-943b-32d53a12e790%3Bpublic_8bed45a6b06fa099f9dc42bb3305702eb1289e57'),
       (28, 'Churros Donuts', 'DONUTS', 4, 5.4, 'USD', 4,
        'Treat yourself to ice cream infused with smooth Bourbon sprinkled',
        'Donut with white chocolate icing, dark chocolate curls, Kinder Bueno ™ wafers and delicate milk chocolate lines',
        'https://cdn-sharing.adobecc.com/content/storage/id/urn:aaid:sc:US:d1fb2711-6c15-4f90-943b-32d53a12e790;revision=0?component_id=308dfd48-b356-4257-b309-4f2335ec90d8&api_key=CometServer1&access_token=1637876794_urn%3Aaaid%3Asc%3AUS%3Ad1fb2711-6c15-4f90-943b-32d53a12e790%3Bpublic_8bed45a6b06fa099f9dc42bb3305702eb1289e57'),
       (29, 'Boston Cream Donuts', 'DONUTS', 4, 5.4, 'USD', 4,
        'Treat yourself to ice cream infused with smooth Bourbon sprinkled',
        'Donut with white chocolate icing, dark chocolate curls, Kinder Bueno ™ wafers and delicate milk chocolate lines',
        'https://cdn-sharing.adobecc.com/content/storage/id/urn:aaid:sc:US:d1fb2711-6c15-4f90-943b-32d53a12e790;revision=0?component_id=afc4918-ce6d-4821-9960-4160ac9f3164&api_key=CometServer1&access_token=1637876794_urn%3Aaaid%3Asc%3AUS%3Ad1fb2711-6c15-4f90-943b-32d53a12e790%3Bpublic_8bed45a6b06fa099f9dc42bb3305702eb1289e57'),
       (30, 'Basic T Shirts', 'MERCHANDISE', 5, 30.4, 'USD', 2,
        '',
        '',
        'https://cdn-sharing.adobecc.com/content/storage/id/urn:aaid:sc:US:d1fb2711-6c15-4f90-943b-32d53a12e790;revision=1?component_id=56d23969-4bb5-4c49-8bcf-2c8721fb58ec&api_key=CometServer1&access_token=1637876794_urn%3Aaaid%3Asc%3AUS%3Ad1fb2711-6c15-4f90-943b-32d53a12e790%3Bpublic_8bed45a6b06fa099f9dc42bb3305702eb1289e57'),
       (31, 'Simple Mug', 'MERCHANDISE', 5, 5.4, 'USD', 4,
        '',
        '',
        'https://cdn-sharing.adobecc.com/content/storage/id/urn:aaid:sc:US:d1fb2711-6c15-4f90-943b-32d53a12e790;revision=0?component_id=08b167c7-b35a-4e9d-a535-5f22fc179a86&api_key=CometServer1&access_token=1637876794_urn%3Aaaid%3Asc%3AUS%3Ad1fb2711-6c15-4f90-943b-32d53a12e790%3Bpublic_8bed45a6b06fa099f9dc42bb3305702eb1289e57');


INSERT INTO product_allergens_list(product_id, allergens_list)
VALUES (1, 'Milk'),
       (2, 'Eggs'),
       (3, 'Gluten');

INSERT  INTO rates (id, product_id, rate)
VALUES (1, 1, 1),
       (2, 1, 2),
       (3, 2, 3),
       (4, 2, 4),
       (5, 3, 5),
       (6, 3, 3),
       (7, 4, 3),
       (8, 4, 3);

INSERT INTO PRODUCTS_INGREDIENTS_LIST (product_id, ingredients_list_id)
VALUES  (1, 1),
        (1, 2),
        (2, 3),
        (2, 4),
        (3, 5),
        (3, 6),
        (4, 7),
        (4, 8),
        (5, 9),
        (5, 10),
        (6, 11),
        (6, 1),
        (7, 2),
        (7, 3),
        (8, 4),
        (8, 5),
        (9, 6),
        (9, 7),
        (10, 8),
        (10, 9),
        (11, 10),
        (11, 11),
        (12, 1),
        (13, 1),
        (14, 1),
        (14, 2),
        (15, 1),
        (16, 1),
        (17, 2),
        (18, 3),
        (19, 5),
        (19, 1),
        (19, 3),
        (20, 4),
        (21, 6),
        (22, 7),
        (23, 8),
        (24, 9),
        (24, 1),
        (24, 7),
        (25, 11),
        (26, 11),
        (27, 7),
        (28, 8),
        (29, 1),
        (29, 6);


alter sequence categories_id_seq restart with 6;
alter sequence ingredients_id_seq restart with 12;
alter sequence rates_id_seq restart with 9;
alter sequence products_id_seq restart with 32;

